-- 数据库课程设计.sql

create table course(
	cno varchar(15)primary key,
	cname varchar(30)not null,
	credit decimal(5,2)not null,
	chour int not null,
	csure int not null
);
create table staff(
	tno varchar(10),
	tname varchar(10)not null,
	cno varchar(15)not null,
	foreign key(cno) references course(cno),
	primary key(tno,cno)
);

insert into course values('11706200','马克思主义基本原理',3,48,1);
insert into course values('10900500','大学英语',12,192,1);
insert into course values('21919600','计算科学导论',1.5,24,1);
insert into course values('21919400','计算机高级语言程序设计（C++）',3.5,56,1);
insert into course values('21213501','概率论与数理统计',3.5,56,1);
insert into course values('21216501','离散数学',4.5,72,1);
insert into course values('21212028','高等数学',11.5,184,1);
insert into course values('21915900','数据结构',4,64,1);
insert into course values('21906601','计算机组成原理',4,64,1);
insert into course values('21902001','操作系统原理',3.5,56,1);
insert into course values('21921002','计算机网络',3,48,1);
insert into course values('21921400','数据库系统概论',3,48,1);
insert into course values('21920300','面向对象程序设计（C++）',3,48,1);
insert into course values('21903202','汇编语言程序设计',2.5,40,1);
insert into course values('21203800','计算方法',3,48,1);
insert into course values('21921502','编译原理',2.5,40,1);
insert into course values('21904802','计算机体系结构',2.5,40,1);
insert into course values('21915601','软件工程',3,48,1);
insert into course values('21907202','人工智能',2.5,40,1);
insert into course values('21921303','计算机图形学',2,32,1);
insert into course values('21922400','Linux系统应用与开发',2,32,0);
insert into course values('21922500','Java程序设计',2.5,40,0);
insert into course values('21922600','C#程序设计',2.5,40,0);
insert into course values('21922700','并行计算',2,32,0);
insert into course values('21907100','模式识别',2.5,40,0);
insert into course values('20182018','人工智能',2.5,40,1);


insert into staff values('023423','王帅','10900500');
insert into staff values('023423','王帅','21919600');
insert into staff values('023423','王帅','21919400');
insert into staff values('982343','张雪峰','21212028');
insert into staff values('834546','刘文才','21915900');
insert into staff values('834546','刘文才','21906601');
insert into staff values('435323','常毓昕','21902001');
insert into staff values('435323','常毓昕','21921002');
insert into staff values('342355','曹玲','21921400');
insert into staff values('342355','曹玲','21920300');
insert into staff values('346634','胡瑞雪','21903202');
insert into staff values('346634','胡瑞雪','21203800');
insert into staff values('346634','胡瑞雪','21921502');
insert into staff values('346634','胡瑞雪','21904802');
insert into staff values('563454','杨泽文','21915601');
insert into staff values('563454','杨泽文','20182018');
insert into staff values('452452','潘赵','21921303');
insert into staff values('452452','潘赵','21922400');
insert into staff values('546334','张少涛','21922700');
insert into staff values('546334','张少涛','21922600');
insert into staff values('546334','张少涛','21922500');
insert into staff values('2017','董兴旺','');
insert into staff values('053122','赵曼','20182018');

create table student(
	sno varchar(15)primary key,
	sname varchar(15)not null,
	sclass varchar(15)not null,
	smajor varchar(30)not null
);

insert into student values('20081003516','王勇','123081','信息与计算科学');
insert into student values('20081001925','米保军','123082','信息与计算科学');
insert into student values('20091000230','王金丹','123091','信息与计算科学');
insert into student values('20091000703','冉启华','123091','信息与计算科学');
insert into student values('20091000827','李海水','123091','信息与计算科学');
insert into student values('20091000960','淦述超','123091','信息与计算科学');
insert into student values('20091001155','郭继昌','123091','信息与计算科学');
insert into student values('20091001450','苏安钦','123091','信息与计算科学');
insert into student values('20091001587','周杰','123091','信息与计算科学');
insert into student values('20091001746','纪小婷','123091','信息与计算科学');
insert into student values('20091001870','沈阳','123091','信息与计算科学');
insert into student values('20091001972','冯梦莲','123091','信息与计算科学');
insert into student values('20091002172','张永超','123091','信息与计算科学');
insert into student values('20091002295','马晓辉','123091','信息与计算科学');
insert into student values('20091002428','姬翔','123091','信息与计算科学');
insert into student values('20091002628','许再成','123091','信息与计算科学');
insert into student values('20091002668','杜浩','123091','信息与计算科学');
insert into student values('20091002843','鲁艺翔','123091','信息与计算科学');
insert into student values('20091002877','童凯','123091','信息与计算科学');
insert into student values('20091003411','曾凡林','123091','信息与计算科学');
insert into student values('20091003708','黄敏君','123091','信息与计算科学');
insert into student values('20091003933','张聪','123091','信息与计算科学');
insert into student values('20091004284','张万里','123091','信息与计算科学');
insert into student values('20091000143','高鑫培','123092','信息与计算科学');
insert into student values('20091000253','张倩倩','123092','信息与计算科学');
insert into student values('20091000574','王培培','123092','信息与计算科学');
insert into student values('20091000876','田昆','123092','信息与计算科学');
insert into student values('20091000951','王彬彬','123092','信息与计算科学');
insert into student values('20091000998','靳东','123092','信息与计算科学');
insert into student values('20091001083','杜鹏','123092','信息与计算科学');
insert into student values('20091001137','胡志成','123092','信息与计算科学');
insert into student values('20091001595','周强','123092','信息与计算科学');
insert into student values('20091001712','吕文娟','123092','信息与计算科学');
insert into student values('20091001897','夏勇','123092','信息与计算科学');
insert into student values('20091002039','刘晓雯','123092','信息与计算科学');
insert into student values('20091002335','张沛东','123092','信息与计算科学');
insert into student values('20091002413','钱利明','123092','信息与计算科学');
insert into student values('20091002496','赵远洪','123092','信息与计算科学');
insert into student values('20091002652','王加东','123092','信息与计算科学');
insert into student values('20091002767','钟渊','123092','信息与计算科学');
insert into student values('20091002862','方祥瑞','123092','信息与计算科学');
insert into student values('20091003103','程福波','123092','信息与计算科学');
insert into student values('20091003786','赵孟','123092','信息与计算科学');
insert into student values('20091003818','王苗','123092','信息与计算科学');
insert into student values('20091003930','张靖阳','123092','信息与计算科学');
insert into student values('20081002789','黄信武','192081','信息安全');
insert into student values('20091003766','徐帅','193092','网络工程');
insert into student values('20081003494','兰方杰','193102','网络工程');

create table score(
	sno varchar(15),
	cno varchar(30),
	grade int not null,	
	foreign key(sno)references student(sno),
	foreign key(cno)references course(cno),
	primary key(sno,cno)
);

insert into score values('20081003516','21922600',80);
insert into score values('20081003516','21919400',80);
insert into score values('20081003516','21922700',70);
insert into score values('20081003516','21203800',67);
insert into score values('20081003516','21919600',80);
insert into score values('20081003516','21915900',86);
insert into score values('20081003516','21903202',75);
insert into score values('20081003516','21907100',96);
insert into score values('20081003516','21922500',71);
insert into score values('20081003516','21213501',84);
insert into score values('20081003516','21922400',86);
insert into score values('20081003516','21921303',86);
insert into score values('20081003516','21921002',69);
insert into score values('20081001925','21921400',89);
insert into score values('20081001925','21921002',67);
insert into score values('20081001925','21919400',44);
insert into score values('20081001925','21915900',46);
insert into score values('20081001925','21922400',68);
insert into score values('20081001925','21906601',80);
insert into score values('20081001925','21922600',86);
insert into score values('20081001925','21919600',77);
insert into score values('20081001925','21907100',79);
insert into score values('20081001925','21921303',81);
insert into score values('20081001925','10900500',82);
insert into score values('20081001925','21915601',64);
insert into score values('20081001925','21903202',84);
insert into score values('20081001925','21921502',84);
insert into score values('20081001925','21213501',87);
insert into score values('20081001925','21212028',64);
insert into score values('20081001925','11706200',79);
insert into score values('20081001925','21216501',64);
insert into score values('20081001925','21203800',73);
insert into score values('20091000230','21922700',79);
insert into score values('20091000230','21906601',76);
insert into score values('20091000230','21203800',90);
insert into score values('20091000230','21213501',73);
insert into score values('20091000230','20182018',88);
insert into score values('20091000230','21212028',78);
insert into score values('20091000230','21920300',96);
insert into score values('20091000230','21915601',86);
insert into score values('20091000230','21922600',77);
insert into score values('20091000230','21907100',78);
insert into score values('20091000230','21921400',84);
insert into score values('20091000230','10900500',64);
insert into score values('20091000230','21919600',82);
insert into score values('20091000230','21915900',86);
insert into score values('20091000230','21922400',68);
insert into score values('20091000230','21216501',89);
insert into score values('20091000230','21921303',85);
insert into score values('20091000230','21919400',54);
insert into score values('20091000230','21922500',61);
insert into score values('20091000230','21921002',78);
insert into score values('20091000230','11706200',75);
insert into score values('20091000230','21903202',66);
insert into score values('20091000703','21906601',84);
insert into score values('20091000703','21921502',86);
insert into score values('20091000703','21902001',71);
insert into score values('20091000703','21907100',92);
insert into score values('20091000703','21919400',59);
insert into score values('20091000703','21921002',75);
insert into score values('20091000703','21921400',83);
insert into score values('20091000703','21921303',76);
insert into score values('20091000703','21915900',62);
insert into score values('20091000703','21922600',75);
insert into score values('20091000703','21920300',87);
insert into score values('20091000703','21922500',73);
insert into score values('20091000703','21904802',93);
insert into score values('20091000703','10900500',97);
insert into score values('20091000703','21903202',75);
insert into score values('20091000703','21216501',74);
insert into score values('20091000703','21203800',63);
insert into score values('20091000827','21907100',95);
insert into score values('20091000827','11706200',73);
insert into score values('20091000827','20182018',68);
insert into score values('20091000827','21921303',82);
insert into score values('20091000827','21922500',67);
insert into score values('20091000827','21919600',69);
insert into score values('20091000827','21902001',67);
insert into score values('20091000827','21212028',75);
insert into score values('20091000827','21915601',58);
insert into score values('20091000827','21921002',87);
insert into score values('20091000827','21922600',71);
insert into score values('20091000827','21213501',73);
insert into score values('20091000827','21915900',77);
insert into score values('20091000827','21919400',68);
insert into score values('20091000827','21216501',74);
insert into score values('20091000827','21922400',58);
insert into score values('20091000827','21203800',74);
insert into score values('20091000827','21903202',80);
insert into score values('20091000827','21906601',54);
insert into score values('20091000827','21922700',60);
insert into score values('20091000827','21921502',62);
insert into score values('20091000827','21921400',69);
insert into score values('20091000827','21920300',79);
insert into score values('20091000827','10900500',84);
insert into score values('20091000960','21212028',72);
insert into score values('20091000960','21920300',79);
insert into score values('20091000960','21216501',86);
insert into score values('20091000960','21903202',86);
insert into score values('20091000960','21907100',81);
insert into score values('20091000960','21915601',67);
insert into score values('20091000960','21921303',72);
insert into score values('20091000960','21902001',82);
insert into score values('20091000960','21203800',74);
insert into score values('20091000960','11706200',85);
insert into score values('20091000960','21915900',67);
insert into score values('20091000960','21921002',74);
insert into score values('20091000960','21922600',83);
insert into score values('20091000960','21922400',46);
insert into score values('20091000960','21919400',70);
insert into score values('20091000960','21919600',71);
insert into score values('20091000960','21921502',90);
insert into score values('20091000960','21921400',71);
insert into score values('20091000960','21922500',68);
insert into score values('20091000960','21213501',76);
insert into score values('20091000960','20182018',50);
insert into score values('20091000960','21922700',75);
insert into score values('20091000960','10900500',85);
insert into score values('20091000960','21906601',86);
insert into score values('20091000960','21904802',70);
insert into score values('20091001155','21904802',72);
insert into score values('20091001155','21902001',55);
insert into score values('20091001155','21922400',94);
insert into score values('20091001155','21920300',65);
insert into score values('20091001155','21915900',79);
insert into score values('20091001155','21922700',63);
insert into score values('20091001155','21922500',76);
insert into score values('20091001155','21921400',83);
insert into score values('20091001155','21203800',55);
insert into score values('20091001155','21903202',66);
insert into score values('20091001155','21919400',78);
insert into score values('20091001155','21216501',67);
insert into score values('20091001155','21921002',83);
insert into score values('20091001155','21919600',64);
insert into score values('20091001155','21922600',63);
insert into score values('20091001155','10900500',71);
insert into score values('20091001155','21212028',64);
insert into score values('20091001155','21213501',77);
insert into score values('20091001155','21906601',71);
insert into score values('20091001155','21915601',58);
insert into score values('20091001450','21921303',77);
insert into score values('20091001450','21213501',59);
insert into score values('20091001450','21922500',75);
insert into score values('20091001450','21906601',61);
insert into score values('20091001450','21921502',60);
insert into score values('20091001450','21921002',69);
insert into score values('20091001450','20182018',71);
insert into score values('20091001450','21919600',48);
insert into score values('20091001450','21907100',79);
insert into score values('20091001450','21919400',63);
insert into score values('20091001450','21915601',85);
insert into score values('20091001450','21212028',63);
insert into score values('20091001450','21915900',62);
insert into score values('20091001450','10900500',91);
insert into score values('20091001450','21921400',71);
insert into score values('20091001450','21902001',64);
insert into score values('20091001450','21922700',88);
insert into score values('20091001450','21216501',78);
insert into score values('20091001450','21904802',71);
insert into score values('20091001587','21906601',77);
insert into score values('20091001587','21915601',94);
insert into score values('20091001587','21919400',75);
insert into score values('20091001587','20182018',58);
insert into score values('20091001587','21919600',73);
insert into score values('20091001587','21904802',72);
insert into score values('20091001587','21920300',83);
insert into score values('20091001587','21922500',60);
insert into score values('20091001587','21921303',81);
insert into score values('20091001587','21922700',81);
insert into score values('20091001587','21922600',76);
insert into score values('20091001587','21212028',74);
insert into score values('20091001587','21203800',86);
insert into score values('20091001587','21213501',79);
insert into score values('20091001587','11706200',87);
insert into score values('20091001587','21921502',70);
insert into score values('20091001746','21212028',90);
insert into score values('20091001746','21906601',77);
insert into score values('20091001746','21903202',95);
insert into score values('20091001746','21904802',69);
insert into score values('20091001746','21915900',72);
insert into score values('20091001746','21907100',81);
insert into score values('20091001746','21213501',69);
insert into score values('20091001746','21921303',85);
insert into score values('20091001746','21902001',84);
insert into score values('20091001746','21921002',70);
insert into score values('20091001746','21922700',71);
insert into score values('20091001746','21203800',93);
insert into score values('20091001746','21922500',66);
insert into score values('20091001746','21922600',75);
insert into score values('20091001870','21904802',82);
insert into score values('20091001870','21922400',86);
insert into score values('20091001870','21921002',75);
insert into score values('20091001870','21902001',83);
insert into score values('20091001870','21922500',73);
insert into score values('20091001870','10900500',86);
insert into score values('20091001870','21919400',90);
insert into score values('20091001870','21216501',63);
insert into score values('20091001870','21921400',79);
insert into score values('20091001870','21922600',76);
insert into score values('20091001870','21921303',56);
insert into score values('20091001870','11706200',87);
insert into score values('20091001870','21920300',72);
insert into score values('20091001972','21922400',82);
insert into score values('20091001972','21915900',73);
insert into score values('20091001972','21919400',80);
insert into score values('20091001972','21920300',67);
insert into score values('20091001972','21216501',55);
insert into score values('20091001972','21922600',91);
insert into score values('20091001972','21213501',85);
insert into score values('20091001972','21904802',97);
insert into score values('20091001972','21922500',55);
insert into score values('20091002172','21915900',90);
insert into score values('20091002172','21915601',75);
insert into score values('20091002172','21904802',78);
insert into score values('20091002172','21920300',74);
insert into score values('20091002172','20182018',62);
insert into score values('20091002172','21921502',70);
insert into score values('20091002172','21919400',83);
insert into score values('20091002172','21919600',62);
insert into score values('20091002172','21907100',82);
insert into score values('20091002172','21213501',61);
insert into score values('20091002172','11706200',68);
insert into score values('20091002172','21903202',70);
insert into score values('20091002172','21922600',70);
insert into score values('20091002172','21921303',94);
insert into score values('20091002172','21212028',60);
insert into score values('20091002172','21902001',92);
insert into score values('20091002172','21921400',73);
insert into score values('20091002295','21915601',88);
insert into score values('20091002295','21216501',76);
insert into score values('20091002295','21921400',82);
insert into score values('20091002295','11706200',83);
insert into score values('20091002295','21921303',69);
insert into score values('20091002295','21904802',63);
insert into score values('20091002295','21919600',76);
insert into score values('20091002295','21920300',83);
insert into score values('20091002295','21907100',66);
insert into score values('20091002428','21922500',72);
insert into score values('20091002428','21921303',54);
insert into score values('20091002428','21216501',78);
insert into score values('20091002428','21203800',87);
insert into score values('20091002428','11706200',89);
insert into score values('20091002428','21921002',75);
insert into score values('20091002428','21915900',88);
insert into score values('20091002428','21919400',84);
insert into score values('20091002428','21212028',84);
insert into score values('20091002428','21920300',54);
insert into score values('20091002428','21919600',78);
insert into score values('20091002428','21915601',86);
insert into score values('20091002428','21921502',66);
insert into score values('20091002428','21922400',78);
insert into score values('20091002428','20182018',68);
insert into score values('20091002428','21904802',90);
insert into score values('20091002428','10900500',84);
insert into score values('20091002428','21213501',62);
insert into score values('20091002428','21921400',51);
insert into score values('20091002628','10900500',47);
insert into score values('20091002628','21919600',67);
insert into score values('20091002628','21203800',75);
insert into score values('20091002628','21915900',64);
insert into score values('20091002668','21922500',66);
insert into score values('20091002668','21920300',92);
insert into score values('20091002668','21922700',72);
insert into score values('20091002668','21921502',56);
insert into score values('20091002668','21907100',70);
insert into score values('20091002668','21213501',76);
insert into score values('20091002843','21920300',90);
insert into score values('20091002843','21922600',68);
insert into score values('20091002843','21922700',73);
insert into score values('20091002843','21922500',60);
insert into score values('20091002843','21212028',63);
insert into score values('20091002843','21915601',76);
insert into score values('20091002843','21213501',65);
insert into score values('20091002843','21921002',87);
insert into score values('20091002843','21921400',82);
insert into score values('20091002843','21919400',59);
insert into score values('20091002843','21904802',61);
insert into score values('20091002843','21907100',76);
insert into score values('20091002843','21203800',83);
insert into score values('20091002843','21216501',83);
insert into score values('20091002843','21902001',63);
insert into score values('20091002843','11706200',67);
insert into score values('20091002843','21903202',70);
insert into score values('20091002843','21922400',81);
insert into score values('20091002843','21915900',73);
insert into score values('20091002843','21919600',76);
insert into score values('20091002843','21906601',58);
insert into score values('20091002843','21921303',82);
insert into score values('20091002843','21921502',76);
insert into score values('20091002877','21903202',82);
insert into score values('20091002877','21921002',81);
insert into score values('20091002877','21904802',91);
insert into score values('20091002877','21915601',81);
insert into score values('20091002877','20182018',62);
insert into score values('20091002877','21203800',71);
insert into score values('20091003411','21919400',67);
insert into score values('20091003411','21907100',87);
insert into score values('20091003411','21903202',87);
insert into score values('20091003708','21906601',80);
insert into score values('20091003708','21904802',74);
insert into score values('20091003708','21921002',88);
insert into score values('20091003708','21922500',84);
insert into score values('20091003708','21922400',78);
insert into score values('20091003708','21216501',75);
insert into score values('20091003708','21203800',87);
insert into score values('20091003708','21903202',82);
insert into score values('20091003708','21920300',61);
insert into score values('20091003708','21922600',76);
insert into score values('20091003708','21919400',66);
insert into score values('20091003708','21212028',88);
insert into score values('20091003708','10900500',60);
insert into score values('20091003708','21907100',76);
insert into score values('20091003708','21915601',77);
insert into score values('20091003933','21921400',71);
insert into score values('20091003933','21915900',66);
insert into score values('20091003933','21922500',87);
insert into score values('20091003933','21203800',64);
insert into score values('20091003933','21919600',78);
insert into score values('20091003933','21216501',84);
insert into score values('20091003933','21903202',92);
insert into score values('20091003933','21921002',76);
insert into score values('20091003933','21921303',77);
insert into score values('20091003933','21906601',71);
insert into score values('20091003933','21922400',70);
insert into score values('20091003933','21907100',69);
insert into score values('20091003933','21922600',56);
insert into score values('20091003933','20182018',78);
insert into score values('20091003933','21212028',82);
insert into score values('20091003933','11706200',68);
insert into score values('20091003933','21922700',62);
insert into score values('20091003933','21904802',81);
insert into score values('20091003933','21915601',82);
insert into score values('20091003933','10900500',53);
insert into score values('20091003933','21919400',86);
insert into score values('20091003933','21920300',76);
insert into score values('20091004284','21921400',78);
insert into score values('20091004284','11706200',82);
insert into score values('20091004284','21906601',61);
insert into score values('20091004284','21920300',69);
insert into score values('20091000143','21920300',70);
insert into score values('20091000143','21921303',81);
insert into score values('20091000143','21921002',102);
insert into score values('20091000143','21922600',77);
insert into score values('20091000143','21921502',63);
insert into score values('20091000143','21922700',64);
insert into score values('20091000143','11706200',79);
insert into score values('20091000143','21904802',63);
insert into score values('20091000143','21921400',92);
insert into score values('20091000143','21919600',90);
insert into score values('20091000143','21907100',71);
insert into score values('20091000143','21216501',55);
insert into score values('20091000143','21915900',78);
insert into score values('20091000143','21915601',76);
insert into score values('20091000143','21922500',89);
insert into score values('20091000143','21213501',70);
insert into score values('20091000143','21922400',77);
insert into score values('20091000143','20182018',73);
insert into score values('20091000143','21906601',73);
insert into score values('20091000143','21212028',68);
insert into score values('20091000253','21920300',70);
insert into score values('20091000253','21213501',61);
insert into score values('20091000253','21903202',92);
insert into score values('20091000253','21919400',49);
insert into score values('20091000253','10900500',87);
insert into score values('20091000253','21922600',71);
insert into score values('20091000253','21921502',74);
insert into score values('20091000253','21922700',68);
insert into score values('20091000253','21915601',83);
insert into score values('20091000253','21203800',62);
insert into score values('20091000253','21922400',74);
insert into score values('20091000253','21922500',58);
insert into score values('20091000574','20182018',80);
insert into score values('20091000574','21922400',62);
insert into score values('20091000574','21903202',79);
insert into score values('20091000574','21921002',75);
insert into score values('20091000574','21203800',68);
insert into score values('20091000574','21920300',78);
insert into score values('20091000574','21919400',85);
insert into score values('20091000574','21922700',70);
insert into score values('20091000574','11706200',74);
insert into score values('20091000574','21212028',98);
insert into score values('20091000574','21921303',71);
insert into score values('20091000574','21921502',73);
insert into score values('20091000574','21921400',69);
insert into score values('20091000574','21919600',73);
insert into score values('20091000574','21907100',97);
insert into score values('20091000574','21915900',66);
insert into score values('20091000574','10900500',81);
insert into score values('20091000574','21904802',63);
insert into score values('20091000574','21906601',72);
insert into score values('20091000574','21213501',65);
insert into score values('20091000876','21921502',80);
insert into score values('20091000876','21212028',79);
insert into score values('20091000876','21903202',65);
insert into score values('20091000876','20182018',63);
insert into score values('20091000876','21921400',79);
insert into score values('20091000876','21920300',55);
insert into score values('20091000876','21902001',85);
insert into score values('20091000876','21919600',67);
insert into score values('20091000876','21203800',79);
insert into score values('20091000876','21922600',68);
insert into score values('20091000876','21922700',89);
insert into score values('20091000876','21213501',73);
insert into score values('20091000876','21919400',68);
insert into score values('20091000876','21904802',74);
insert into score values('20091000876','21921303',82);
insert into score values('20091000876','21906601',73);
insert into score values('20091000876','10900500',89);
insert into score values('20091000876','21907100',91);
insert into score values('20091000876','11706200',75);
insert into score values('20091000951','20182018',64);
insert into score values('20091000998','11706200',91);
insert into score values('20091000998','21922700',68);
insert into score values('20091000998','21915900',73);
insert into score values('20091000998','21906601',52);
insert into score values('20091000998','21902001',68);
insert into score values('20091000998','21903202',80);
insert into score values('20091000998','21915601',79);
insert into score values('20091000998','10900500',70);
insert into score values('20091000998','21922500',86);
insert into score values('20091000998','21203800',71);
insert into score values('20091000998','21922400',62);
insert into score values('20091000998','21212028',84);
insert into score values('20091000998','21921400',71);
insert into score values('20091000998','21919600',101);
insert into score values('20091000998','21213501',92);
insert into score values('20091000998','20182018',64);
insert into score values('20091000998','21921002',58);
insert into score values('20091000998','21907100',69);
insert into score values('20091000998','21919400',65);
insert into score values('20091000998','21922600',65);
insert into score values('20091000998','21921502',80);
insert into score values('20091000998','21904802',54);
insert into score values('20091000998','21921303',71);
insert into score values('20091000998','21216501',73);
insert into score values('20091001083','21212028',83);
insert into score values('20091001083','21919400',73);
insert into score values('20091001083','21919600',72);
insert into score values('20091001083','21922700',69);
insert into score values('20091001083','21906601',76);
insert into score values('20091001083','21921502',64);
insert into score values('20091001083','21921002',64);
insert into score values('20091001083','21902001',68);
insert into score values('20091001083','21922400',74);
insert into score values('20091001083','21921400',75);
insert into score values('20091001083','21213501',81);
insert into score values('20091001083','11706200',90);
insert into score values('20091001083','21203800',78);
insert into score values('20091001083','21922600',98);
insert into score values('20091001083','21907100',75);
insert into score values('20091001083','21904802',77);
insert into score values('20091001083','21903202',80);
insert into score values('20091001083','21922500',96);
insert into score values('20091001083','21921303',67);
insert into score values('20091001083','10900500',71);
insert into score values('20091001083','21920300',85);
insert into score values('20091001083','21915900',80);
insert into score values('20091001137','21915900',85);
insert into score values('20091001137','20182018',80);
insert into score values('20091001137','11706200',58);
insert into score values('20091001137','21919600',85);
insert into score values('20091001595','21904802',89);
insert into score values('20091001595','21216501',68);
insert into score values('20091001595','21922700',73);
insert into score values('20091001595','21203800',73);
insert into score values('20091001595','21902001',70);
insert into score values('20091001595','21921303',78);
insert into score values('20091001595','21921400',84);
insert into score values('20091001595','21922500',96);
insert into score values('20091001595','21915900',74);
insert into score values('20091001595','21213501',90);
insert into score values('20091001595','21919400',84);
insert into score values('20091001595','11706200',74);
insert into score values('20091001712','20182018',88);
insert into score values('20091001712','10900500',86);
insert into score values('20091001712','21919600',81);
insert into score values('20091001712','21919400',72);
insert into score values('20091001712','21922400',84);
insert into score values('20091001712','21922700',79);
insert into score values('20091001712','21921502',67);
insert into score values('20091001712','21216501',81);
insert into score values('20091001712','21915601',80);
insert into score values('20091001712','21213501',76);
insert into score values('20091001712','21212028',80);
insert into score values('20091001897','21907100',78);
insert into score values('20091001897','21921002',71);
insert into score values('20091001897','21922400',63);
insert into score values('20091001897','21919600',76);
insert into score values('20091001897','21904802',83);
insert into score values('20091001897','10900500',64);
insert into score values('20091001897','21915601',67);
insert into score values('20091001897','21216501',93);
insert into score values('20091001897','21921303',85);
insert into score values('20091001897','21919400',74);
insert into score values('20091001897','21921400',87);
insert into score values('20091001897','21212028',64);
insert into score values('20091001897','21213501',71);
insert into score values('20091001897','21203800',68);
insert into score values('20091001897','21922700',65);
insert into score values('20091002039','21903202',72);
insert into score values('20091002039','21919600',76);
insert into score values('20091002039','21921002',56);
insert into score values('20091002039','21919400',67);
insert into score values('20091002039','21213501',70);
insert into score values('20091002039','21922400',76);
insert into score values('20091002039','21906601',77);
insert into score values('20091002039','21904802',66);
insert into score values('20091002039','21907100',75);
insert into score values('20091002039','21921400',82);
insert into score values('20091002039','20182018',69);
insert into score values('20091002335','21907100',64);
insert into score values('20091002335','21922400',82);
insert into score values('20091002335','21922500',83);
insert into score values('20091002335','21919600',100);
insert into score values('20091002335','21903202',56);
insert into score values('20091002335','20182018',65);
insert into score values('20091002335','21922700',73);
insert into score values('20091002335','21920300',83);
insert into score values('20091002335','21921502',60);
insert into score values('20091002335','21904802',64);
insert into score values('20091002335','21921002',75);
insert into score values('20091002335','21906601',65);
insert into score values('20091002335','21203800',71);
insert into score values('20091002335','21915601',64);
insert into score values('20091002335','21212028',77);
insert into score values('20091002335','21915900',61);
insert into score values('20091002335','21922600',73);
insert into score values('20091002335','11706200',71);
insert into score values('20091002335','10900500',68);
insert into score values('20091002335','21216501',62);
insert into score values('20091002335','21919400',63);
insert into score values('20091002413','21212028',77);
insert into score values('20091002413','21922600',63);
insert into score values('20091002413','21915601',85);
insert into score values('20091002413','21903202',54);
insert into score values('20091002413','21919400',80);
insert into score values('20091002413','21216501',89);
insert into score values('20091002413','10900500',87);
insert into score values('20091002413','21922700',59);
insert into score values('20091002413','20182018',86);
insert into score values('20091002413','21920300',83);
insert into score values('20091002413','21906601',64);
insert into score values('20091002413','21213501',64);
insert into score values('20091002413','21904802',55);
insert into score values('20091002413','21907100',78);
insert into score values('20091002413','21919600',77);
insert into score values('20091002413','21902001',87);
insert into score values('20091002413','21921400',92);
insert into score values('20091002413','11706200',86);
insert into score values('20091002413','21921303',70);
insert into score values('20091002413','21203800',73);
insert into score values('20091002413','21922500',89);
insert into score values('20091002413','21921002',72);
insert into score values('20091002413','21921502',93);
insert into score values('20091002496','21907100',64);
insert into score values('20091002496','21920300',94);
insert into score values('20091002496','21922600',71);
insert into score values('20091002496','21903202',70);
insert into score values('20091002496','21902001',54);
insert into score values('20091002496','21922700',62);
insert into score values('20091002496','21919600',69);
insert into score values('20091002496','21922500',82);
insert into score values('20091002496','21213501',80);
insert into score values('20091002496','21203800',65);
insert into score values('20091002496','21921400',69);
insert into score values('20091002496','21915601',65);
insert into score values('20091002496','21915900',79);
insert into score values('20091002496','11706200',76);
insert into score values('20091002496','21921002',70);
insert into score values('20091002496','21919400',75);
insert into score values('20091002496','21921502',65);
insert into score values('20091002496','21904802',77);
insert into score values('20091002496','20182018',69);
insert into score values('20091002652','21922700',61);
insert into score values('20091002652','21920300',106);
insert into score values('20091002652','21904802',67);
insert into score values('20091002652','11706200',71);
insert into score values('20091002652','21921303',54);
insert into score values('20091002652','21915601',81);
insert into score values('20091002652','21919400',59);
insert into score values('20091002767','21212028',67);
insert into score values('20091002767','21203800',90);
insert into score values('20091002767','10900500',78);
insert into score values('20091002767','11706200',88);
insert into score values('20091002767','21213501',63);
insert into score values('20091002767','21922600',82);
insert into score values('20091002767','21921303',84);
insert into score values('20091002767','21921502',89);
insert into score values('20091002767','21907100',88);
insert into score values('20091002767','21922500',73);
insert into score values('20091002767','21915900',84);
insert into score values('20091002767','21922400',71);
insert into score values('20091002767','21921002',85);
insert into score values('20091002767','21920300',85);
insert into score values('20091002767','21906601',69);
insert into score values('20091002862','21922400',62);
insert into score values('20091002862','20182018',83);
insert into score values('20091002862','21922500',91);
insert into score values('20091002862','21921400',86);
insert into score values('20091002862','21203800',61);
insert into score values('20091002862','21907100',56);
insert into score values('20091002862','21906601',74);
insert into score values('20091002862','10900500',70);
insert into score values('20091002862','21921303',92);
insert into score values('20091002862','21903202',66);
insert into score values('20091002862','21212028',80);
insert into score values('20091002862','21922700',91);
insert into score values('20091002862','21919400',65);
insert into score values('20091003103','21922600',54);
insert into score values('20091003103','21907100',69);
insert into score values('20091003103','21212028',62);
insert into score values('20091003103','11706200',77);
insert into score values('20091003103','21902001',66);
insert into score values('20091003103','21922400',97);
insert into score values('20091003103','21919400',88);
insert into score values('20091003103','21906601',94);
insert into score values('20091003103','21903202',98);
insert into score values('20091003103','21919600',62);
insert into score values('20091003103','20182018',84);
insert into score values('20091003103','21921002',73);
insert into score values('20091003103','21915900',72);
insert into score values('20091003103','21921400',68);
insert into score values('20091003103','21203800',95);
insert into score values('20091003103','21216501',70);
insert into score values('20091003103','21904802',69);
insert into score values('20091003103','21213501',87);
insert into score values('20091003103','21922700',70);
insert into score values('20091003103','10900500',70);
insert into score values('20091003103','21922500',74);
insert into score values('20091003103','21921303',80);
insert into score values('20091003103','21921502',96);
insert into score values('20091003786','21922400',83);
insert into score values('20091003786','21907100',71);
insert into score values('20091003786','10900500',84);
insert into score values('20091003786','21922600',72);
insert into score values('20091003786','11706200',75);
insert into score values('20091003786','21921502',78);
insert into score values('20091003786','21915601',73);
insert into score values('20091003786','21921400',78);
insert into score values('20091003786','21922500',65);
insert into score values('20091003786','21921303',91);
insert into score values('20091003786','21920300',74);
insert into score values('20091003786','21919400',76);
insert into score values('20091003786','21216501',67);
insert into score values('20091003786','21212028',82);
insert into score values('20091003786','21919600',81);
insert into score values('20091003786','21915900',55);
insert into score values('20091003786','21203800',62);
insert into score values('20091003786','21922700',84);
insert into score values('20091003818','10900500',80);
insert into score values('20091003818','21922400',93);
insert into score values('20091003818','21921502',92);
insert into score values('20091003818','21915900',91);
insert into score values('20091003818','21216501',75);
insert into score values('20091003818','21921400',89);
insert into score values('20091003818','20182018',88);
insert into score values('20091003818','21922600',83);
insert into score values('20091003930','21906601',80);
insert into score values('20091003930','21907100',73);
insert into score values('20091003930','21915900',70);
insert into score values('20091003930','21922500',77);
insert into score values('20091003930','21921400',68);
insert into score values('20091003930','21921002',79);
insert into score values('20091003930','21213501',75);
insert into score values('20091003930','21919600',59);
insert into score values('20091003930','21902001',81);
insert into score values('20091003930','20182018',70);
insert into score values('20091003930','21921303',85);
insert into score values('20091003930','21904802',80);
insert into score values('20091003930','11706200',87);
insert into score values('20091003930','21922600',74);
insert into score values('20091003930','21922700',82);
insert into score values('20091003930','21921502',77);
insert into score values('20081002789','21904802',66);
insert into score values('20081002789','21922600',80);
insert into score values('20081002789','21212028',74);
insert into score values('20081002789','21922400',74);
insert into score values('20081002789','21921502',75);
insert into score values('20081002789','21915601',63);
insert into score values('20081002789','20182018',75);
insert into score values('20081002789','21920300',74);
insert into score values('20081002789','21203800',78);
insert into score values('20081002789','21919400',65);
insert into score values('20081002789','21921002',72);
insert into score values('20081002789','21903202',83);
insert into score values('20081002789','21921303',75);
insert into score values('20081002789','21902001',94);
insert into score values('20081002789','21922500',72);
insert into score values('20081002789','21921400',87);
insert into score values('20091003766','21922400',74);
insert into score values('20091003766','21921400',79);
insert into score values('20091003766','21922600',96);
insert into score values('20091003766','21919400',89);
insert into score values('20091003766','21902001',62);
insert into score values('20091003766','21922700',65);
insert into score values('20091003766','21922500',64);
insert into score values('20091003766','21921502',78);
insert into score values('20091003766','21903202',88);
insert into score values('20091003766','21212028',65);
insert into score values('20091003766','21907100',67);
insert into score values('20091003766','10900500',81);
insert into score values('20091003766','21904802',64);
insert into score values('20091003766','21920300',72);
insert into score values('20091003766','20182018',65);
insert into score values('20091003766','21216501',74);
insert into score values('20091003766','21203800',64);
insert into score values('20091003766','21915601',85);
insert into score values('20091003766','21213501',73);
insert into score values('20091003766','21906601',76);
insert into score values('20081003494','21213501',82);
insert into score values('20081003494','21904802',58);
insert into score values('20081003494','21922400',71);
insert into score values('20081003494','21920300',85);
insert into score values('20081003494','10900500',77);
insert into score values('20081003494','21915601',72);
insert into score values('20081003494','21922600',80);
insert into score values('20081003494','21921002',40);
insert into score values('20081003494','21922700',74);
insert into score values('20081003494','21921400',89);
insert into score values('20081003494','21212028',69);
insert into score values('20081003494','21919400',86);
insert into score values('20081003494','21203800',74);
insert into score values('20081003494','21216501',70);
insert into score values('20081003494','21902001',71);
insert into score values('20081003494','21919600',73);
insert into score values('20081003494','21907100',62);
insert into score values('20081003494','21906601',79);
insert into score values('20081003494','21903202',82);
insert into score values('20081003494','21921502',91);
insert into score values('20081003494','21921303',86);
insert into score values('20081003494','21915900',86);

create table teacher_goal(
	tno varchar(15)not null,
	cno varchar(15)not null,
	grade int not null,
	comment varchar(200)not null
);


insert into teacher_goal values('023423','21212028',86,'一级棒啊，兄弟');
insert into teacher_goal values('023423','10900500',86,'英语好难啊，就给了我60分');
insert into teacher_goal values('834546','21915900',86,'我觉得不行');
insert into teacher_goal values('834546','21906601',86,'给我分太低了，难受');
insert into teacher_goal values('346634','21203800',86,'你不错');
insert into teacher_goal values('563454','21915601',86,'我觉得还行吧');
insert into teacher_goal values('452452','21922400',86,'比较良心');
insert into teacher_goal values('452452','21921303',86,'垃圾');
insert into teacher_goal values('546334','21922600',86,'172');

create table select_class(
	sno varchar(15)not null,
	cno varchar(15)not null,
	foreign key(sno)references student(sno),
	foreign key(cno)references course(cno),
	primary key(sno,cno)
);

insert into select_class values('20081003516','21906601');
insert into select_class values('20081003516','10900500');
insert into select_class values('20081003516','21921400');
insert into select_class values('20081003516','20182018');
insert into select_class values('20081003516','21216501');
insert into select_class values('20091001450','21203800');
insert into select_class values('20091001450','21922400');
insert into select_class values('20091001587','21907202');
insert into select_class values('20091001870','21907100');
insert into select_class values('20091001870','20182018');
insert into select_class values('20091001870','21915601');
insert into select_class values('20091001870','21921502');
insert into select_class values('20091002668','20182018');
insert into select_class values('20091003411','21907202');
insert into select_class values('20091000253','21907202');
insert into select_class values('20091001083','21907202');
insert into select_class values('20091002652','20182018');


create view grade_list as(
	select score.sno,sname,cname,grade from score,course,student
		where score.cno=course.cno and score.sno=student.sno
	
);

--update score set grade=a where sno=c and cno=(select cno from course where cname='name');

create view staff_list as(
	select staff.tno,staff.tname,cname from staff,course
	where staff.cno=course.cno
);

create table log(
	lid int primary key auto_increment,
	sno varchar(15)not null,
	sname varchar(30)not null
);

delimiter $$
create trigger trigger_log after
	insert on student
	for each row
	begin
	insert into log(log.sno,log.sname) values(new.sno,new.sname);
	end $$
delimiter;


delimiter $$
create procedure Proc_Delete_Lesson(in no int)
	begin
	delete from course where cno=no
	end $$
delimiter;